Type,Name,Request Count,Failure Count,Median Response Time,Average Response Time,Min Response Time,Max Response Time,Average Content Size,Requests/s,Failures/s,50%,66%,75%,80%,90%,95%,98%,99%,99.9%,99.99%,100%
GET,/sync-route-sync-inner-async-bg-sync-task,148,0,8000.0,5186.846946170073,203.0207909992896,10055.889666007715,182.09459459459458,6.660475671812323,0.0,8100,8900,9500,9700,9900,10000,10000,10000,10000,10000,10000
,Aggregated,148,0,8000.0,5186.846946170073,203.0207909992896,10055.889666007715,182.09459459459458,6.660475671812323,0.0,8100,8900,9500,9700,9900,10000,10000,10000,10000,10000,10000
